id,prefix,firstname,lastname,fullname,sufix,ssn,dob,gender,email,phone,address_Line1,address_city,address_state,address_zip
AB301531325,Dr.,Rebecca,Brown,Rebecca Brown,DVM,569-49-2626,1970-10-26,Female,Rebecca.Brown@elliott-ayala.org,(793)892-0916,6918 Davis Keys,South Austin,VI,12927
AB303365235,Ms.,Lisa,Smith,Lisa Smith,PhD,865-18-8827,1974-03-08,Female,Lisa.Smith@andrews.com,(830)913-8957,22174 Clayton Court Apt. 317,Port Angela,MH,49221
AB307825559,Ms.,Ashley,Carr,Ashley Carr,DDS,259-43-8021,1969-05-13,Female,Ashley.Carr@delacruz.com,(134)841-1111,138 Powell Ports,South Brianmouth,WY,69790
AB304041085,Dr.,Kathryn,Stanley,Kathryn Stanley,MD,208-92-7257,1947-05-22,Female,Kathryn.Stanley@brown.info,(467)026-2784,240 Myers Vista,North Christinaside,NV,40253
AB305229209,Mrs.,Tami,King,Tami King,MD,517-94-7320,1950-07-01,Female,Tami.King@wheeler-robinson.net,(190)963-6357,8971 Seth Cove,Davisburgh,AZ,14205
AB303407621,Mr.,Hayden,Meyer,Hayden Meyer,PhD,633-09-9093,2024-01-25,Male,Hayden.Meyer@davis.com,(491)784-9664,72811 Payne Ranch,Hicksbury,CA,89917
AB309706769,Dr.,Matthew,Jones,Matthew Jones,Jr.,451-80-9505,1987-03-20,Male,Matthew.Jones@henry.biz,(339)718-4728,68942 Phillips Village,East Sandraview,NV,71149
AB309617213,Mrs.,Abigail,Moon,Abigail Moon,MD,486-93-7635,2005-06-12,Female,Abigail.Moon@petty.com,(376)096-6768,8087 Carr Glens,New Karaborough,CA,91129
AB302996325,Mrs.,Brenda,Rice,Brenda Rice,DDS,826-97-7778,1980-09-29,Female,Brenda.Rice@raymond.com,(142)305-9462,0970 Samuel Via Suite 277,Rodgersberg,NC,25533
AB303664578,Mrs.,Autumn,Nelson,Autumn Nelson,MD,159-41-4575,1952-11-11,Female,Autumn.Nelson@gardner.com,(658)097-8290,7866 Rodriguez Unions Apt. 648,North Anaburgh,VT,72723
AB305020670,Mr.,Mathew,White,Mathew White,MD,642-36-1430,1944-06-24,Male,Mathew.White@spencer.com,(202)297-7437,9129 Wall Throughway,Lake Alison,GU,16868
AB308871477,Mrs.,Renee,Alvarez,Renee Alvarez,MD,631-22-1828,2004-12-03,Female,Renee.Alvarez@ayala-black.com,(313)348-4614,95363 Melissa Shoal Apt. 597,Annamouth,AL,19066
AB300380547,Mr.,Joseph,Flores,Joseph Flores,DVM,756-61-9195,2018-10-14,Male,Joseph.Flores@george.com,(537)279-6637,29534 Cantrell Circle,Davisfort,KS,46924
AB303731620,Mr.,John,Shaw,John Shaw,DVM,437-72-5726,1955-05-18,Male,John.Shaw@smith.com,(076)741-8573,84401 Warren Crescent,East Melissaborough,MN,39911
AB306189926,Dr.,Timothy,Bryant,Timothy Bryant,DVM,508-93-2776,2004-06-04,Male,Timothy.Bryant@guerra-graham.biz,(785)558-1305,646 Johnston Stravenue,West Laurie,PR,65577
AB300774401,Mr.,Kenneth,Robinson,Kenneth Robinson,MD,109-16-1527,1973-10-25,Male,Kenneth.Robinson@tate-robinson.org,(259)975-9932,740 Mary Springs Suite 511,Johnsontown,AR,62216
AB300113223,Mr.,Peter,Davis,Peter Davis,DDS,079-29-9261,1959-02-22,Male,Peter.Davis@west.com,(818)115-4269,4997 Juan Grove,South April,MT,62018
AB301156302,Dr.,Christopher,Mason,Christopher Mason,II,462-15-6338,2021-06-04,Male,Christopher.Mason@blankenship.com,(560)488-4591,62023 Lisa Oval Apt. 858,Victorborough,FL,12411
AB306721418,Mr.,David,Clark,David Clark,MD,170-05-4120,2001-05-13,Male,David.Clark@bonilla.com,(833)139-4153,46704 White Pike Apt. 688,Petersonville,LA,11379
AB306237724,Mrs.,Tracy,Trujillo,Tracy Trujillo,PhD,061-23-3965,1995-01-07,Female,Tracy.Trujillo@castro.com,(400)212-4648,013 Taylor Trafficway,Lake James,GA,91016
AB306226772,Dr.,Peggy,Sandoval,Peggy Sandoval,DDS,865-20-4132,1989-05-26,Female,Peggy.Sandoval@logan.com,(430)900-2809,50624 Courtney Crest,North Kristaburgh,OK,41369
AB307476547,Dr.,Joshua,Leach,Joshua Leach,Jr.,659-40-7418,1965-07-30,Male,Joshua.Leach@johnson-howe.net,(197)030-4981,77814 Anderson Rest,West Russell,FL,91545
AB301137620,Mrs.,Alexandria,Padilla,Alexandria Padilla,MD,711-13-0445,1991-06-02,Female,Alexandria.Padilla@williams.com,(112)642-9523,8600 Sean Bridge,Thompsonton,MT,95555
AB301322964,Dr.,James,Howard,James Howard,MD,722-93-0973,1982-03-14,Male,James.Howard@jones.com,(264)500-2624,7104 Melissa Viaduct,Cohenland,TN,79281
AB306514965,Mr.,Kevin,Tran,Kevin Tran,PhD,187-02-7325,2020-08-25,Male,Kevin.Tran@chapman-fisher.com,(325)748-7105,77576 Rachel Courts,North Kari,AL,26268
AB303536839,Mrs.,Cynthia,Adams,Cynthia Adams,MD,673-60-2737,2016-08-14,Female,Cynthia.Adams@jones-richardson.com,(115)201-6226,172 Gomez Tunnel Apt. 093,East Matthewfort,NC,61679
AB300424454,Mrs.,Laurie,Butler,Laurie Butler,MD,678-04-7744,1955-07-22,Female,Laurie.Butler@jones.org,(723)674-8653,030 Cheryl Neck Suite 041,New Katieland,ND,34735
AB303309023,Mrs.,Michele,Burnett,Michele Burnett,MD,135-77-5225,1972-06-04,Female,Michele.Burnett@charles.com,(489)373-8759,29601 Berg Corner,Ramosland,MO,32167
AB302454778,Mr.,William,Sutton,William Sutton,MD,290-81-4126,1989-12-09,Male,William.Sutton@morgan-whitaker.info,(504)984-5586,1799 Anthony Rapids,North Evelynmouth,WA,86538
AB302151430,Mr.,John,Gonzalez,John Gonzalez,III,886-84-7155,1998-07-02,Male,John.Gonzalez@robertson.com,(227)783-7006,1387 Clayton Streets Suite 362,West Kyle,WV,89179
AB305906495,Mrs.,Emily,Barnes,Emily Barnes,MD,725-35-5047,1967-01-30,Female,Emily.Barnes@perry-bradford.com,(601)088-3672,88250 Johnson Passage Suite 281,West David,PR,30729
AB308511854,Mrs.,Tina,Miller,Tina Miller,DDS,364-10-8919,1966-04-01,Female,Tina.Miller@grant.com,(167)515-7903,92521 Guerrero Port,North Hector,KY,90732
AB307696281,Dr.,Tiffany,Phelps,Tiffany Phelps,MD,681-43-5568,1976-05-06,Female,Tiffany.Phelps@bush.com,(622)938-0230,36543 Garrison Lights Suite 001,Port Davidburgh,MS,15244
AB307732340,Dr.,Maria,Savage,Maria Savage,MD,856-79-5342,1967-10-22,Female,Maria.Savage@rogers.com,(283)444-8896,3438 Gabriel Track,Randyville,GA,12448
AB307961359,Mrs.,Maria,Johnson,Maria Johnson,DDS,509-60-4171,2019-09-08,Female,Maria.Johnson@pierce.net,(057)103-4542,920 Betty Mountains Suite 999,Travisbury,UT,67544
AB307040768,Dr.,Samantha,Miller,Samantha Miller,MD,074-09-0719,1937-05-11,Female,Samantha.Miller@young.biz,(212)924-0682,7400 Kelly Junctions Apt. 522,Lake Melanieview,IL,92807
AB304599881,Mr.,Kirk,Arnold,Kirk Arnold,DDS,201-44-2147,1964-10-18,Male,Kirk.Arnold@reed.org,(330)744-1321,472 Garcia Summit Apt. 537,Schultzburgh,HI,63067
AB303011879,Dr.,Michael,Walker,Michael Walker,MD,036-40-6126,1982-08-07,Male,Michael.Walker@ramirez-wagner.com,(948)439-7874,6988 Barbara Isle Apt. 001,Juliaberg,TN,75931
AB305272931,Mrs.,Stephanie,Morgan,Stephanie Morgan,MD,091-79-3679,1970-01-13,Female,Stephanie.Morgan@kramer.biz,(773)104-4517,9281 Quinn Mountain Suite 730,New Elizabethbury,MT,19310
AB302334118,Mr.,Jimmy,Barry,Jimmy Barry,Jr.,652-28-4781,1948-05-20,Male,Jimmy.Barry@hughes-mcmahon.net,(764)805-5258,039 Richard Turnpike Apt. 902,North Jessicaside,PR,39831
AB308549584,Mr.,Michael,Deleon,Michael Deleon,MD,539-78-8797,1967-02-08,Male,Michael.Deleon@may-buchanan.biz,(111)899-7023,0680 Brown Mountain,Port Christineborough,MI,35260
AB302611768,Mr.,Richard,Brown,Richard Brown,DVM,255-76-9498,2019-09-10,Male,Richard.Brown@johnson.net,(841)377-2747,906 Garcia Stream Apt. 215,Port Raymondchester,NY,18716
AB306260526,Mrs.,Rebecca,Russell,Rebecca Russell,DDS,696-92-8692,1936-09-10,Female,Rebecca.Russell@gamble.com,(748)324-6732,6940 Seth Creek Apt. 955,North Tammybury,ID,18544
AB301957172,Mrs.,Jessica,Valenzuela,Jessica Valenzuela,DDS,744-42-9045,1993-07-31,Female,Jessica.Valenzuela@oliver-clark.com,(028)623-2995,0264 Charles Causeway Suite 907,North Claudiashire,MS,89199
AB308195863,Dr.,Christine,Perkins,Christine Perkins,DVM,361-06-6927,1965-08-01,Female,Christine.Perkins@lee.biz,(550)684-8503,8733 Farley Village Apt. 121,Adkinsstad,MO,30510
AB308251264,Ms.,Paige,Mcintosh,Paige Mcintosh,MD,377-52-2202,1955-07-15,Female,Paige.Mcintosh@rush.com,(478)484-6068,064 Wong Crossing,West Staceyside,VI,53713
AB309312988,Ms.,Brandy,Gonzalez,Brandy Gonzalez,MD,325-14-4020,1978-09-02,Female,Brandy.Gonzalez@bullock.com,(410)974-3317,4751 Frances Groves Suite 858,Port Christinehaven,AR,91491
AB304869132,Dr.,Ralph,Smith,Ralph Smith,PhD,272-26-4357,1994-12-19,Male,Ralph.Smith@jones.com,(095)271-8618,2925 Jane Estate,New Ronald,GA,42128
AB303704883,Mrs.,Miranda,Patel,Miranda Patel,MD,304-48-0263,1937-04-05,Female,Miranda.Patel@lewis.com,(157)840-7618,52841 Amanda Villages,Janiceview,KS,05204
AB305992435,Miss,Kelly,Garcia,Kelly Garcia,PhD,796-17-8749,1970-07-29,Female,Kelly.Garcia@evans.org,(341)774-4980,911 Garcia Plaza,New Priscilla,WI,99856
AB304960328,Mr.,Justin,Norris,Justin Norris,DDS,390-82-0708,1943-05-31,Male,Justin.Norris@reese.org,(312)320-9375,8679 Adam Valleys,Monicaside,VI,60429
AB308019557,Mr.,John,Miller,John Miller,MD,481-77-8418,2003-01-08,Male,John.Miller@wilson.net,(722)182-9772,2041 Fuller Locks,Riverachester,UT,82367
AB306032681,Mrs.,Donna,Davis,Donna Davis,MD,133-88-3327,1942-02-13,Female,Donna.Davis@baird-craig.com,(270)384-2772,9532 Samuel Oval Apt. 151,South Sarahmouth,AK,52983
AB305749913,Mr.,Zachary,Merritt,Zachary Merritt,DVM,395-56-1169,2021-10-24,Male,Zachary.Merritt@dunn.com,(283)758-0124,449 Rick Ports,Susanport,NV,48766
AB304661040,Dr.,Karla,Lambert,Karla Lambert,DVM,431-49-3322,2020-07-20,Female,Karla.Lambert@lee-smith.org,(008)099-6122,21516 Sarah Rapids Suite 544,Michellebury,WV,04652
AB309158881,Dr.,Tracey,Holloway,Tracey Holloway,PhD,217-23-4424,1991-05-16,Female,Tracey.Holloway@lopez.com,(889)119-4210,405 Jones Creek,South Maryhaven,TX,85516
AB302179977,Dr.,Dennis,Hamilton,Dennis Hamilton,PhD,331-10-4299,2007-08-23,Male,Dennis.Hamilton@payne-scott.com,(244)466-1927,96826 Jonathan Well Suite 720,North Ellen,MD,57978
AB300452212,Dr.,Cynthia,Martinez,Cynthia Martinez,MD,448-93-3623,1943-08-21,Female,Cynthia.Martinez@galvan-davila.info,(038)937-7745,1476 Donald Views Suite 768,West Thomas,OK,31271
AB309677962,Dr.,Katrina,Robinson,Katrina Robinson,DVM,452-97-7930,2020-11-02,Female,Katrina.Robinson@braun.info,(939)881-3376,348 Barnes Stream Suite 920,North Michelle,NJ,92772
AB308787690,Mr.,Christopher,Dyer,Christopher Dyer,MD,579-46-6098,1988-07-08,Male,Christopher.Dyer@munoz.com,(007)971-0770,612 Brandon Avenue Suite 002,South Justinview,GA,82188
AB309877818,Mr.,James,Cannon,James Cannon,MD,822-28-7753,1933-10-30,Male,James.Cannon@smith-dunlap.com,(171)247-6280,32834 Cooper Gardens,Moorebury,LA,42253
AB304711421,Dr.,Antonio,Meyer,Antonio Meyer,II,850-35-3980,2014-04-22,Male,Antonio.Meyer@cole-garcia.com,(039)066-4044,0050 Chelsea Forks Suite 249,South Shirleyfurt,MA,78157
AB304211274,Ms.,Angela,Miller,Angela Miller,DDS,672-61-2131,1947-10-15,Female,Angela.Miller@gardner-sims.com,(386)219-1575,93929 Brian Squares Suite 572,East Johnbury,NM,47737
AB306566833,Dr.,Taylor,Smith,Taylor Smith,MD,678-58-9509,2013-02-09,Female,Taylor.Smith@tyler.net,(354)542-2404,1317 Elizabeth Plaza,Lisaview,VT,29543
AB305508616,Mr.,Donald,Norton,Donald Norton,MD,789-07-0441,1984-03-12,Male,Donald.Norton@terry-howard.info,(730)634-9329,48588 Smith Burgs,Monroehaven,GA,77079
AB309153822,Dr.,Henry,Fowler,Henry Fowler,MD,245-36-4890,1966-07-27,Male,Henry.Fowler@coleman.com,(371)005-0328,13327 Guerrero Rapids Apt. 100,South Lisa,GA,54789
AB307433763,Mr.,Todd,Lewis,Todd Lewis,MD,619-72-7557,2009-10-18,Male,Todd.Lewis@smith.biz,(771)012-1709,915 Patricia Tunnel,South Deborah,NC,19300
AB307446138,Dr.,Lisa,Romero,Lisa Romero,DDS,318-05-5610,1953-05-07,Female,Lisa.Romero@hall-bates.info,(647)345-8446,114 Carrie Stravenue,South Josephmouth,CA,01031
AB308288201,Mr.,John,Roberts,John Roberts,Jr.,471-47-8547,1949-07-23,Male,John.Roberts@turner.biz,(715)907-2288,980 Joshua Point Suite 554,Lisaberg,ND,22015
AB307603083,Mr.,Michael,Edwards,Michael Edwards,MD,892-66-4917,1981-03-30,Male,Michael.Edwards@mcdonald-james.com,(260)803-9511,63308 Hall Fields Apt. 722,East Terriview,AR,22076
AB303618303,Mr.,Carlos,Roach,Carlos Roach,II,386-91-4582,1949-09-03,Male,Carlos.Roach@carter.com,(098)015-1953,360 Graham Center Suite 967,Lake Garyside,CT,84706
AB309641245,Mr.,Henry,Morgan,Henry Morgan,DDS,128-46-1385,1936-01-10,Male,Henry.Morgan@meyer-green.com,(306)700-4975,06590 Larry Court Apt. 514,Sandraton,MA,30582
AB306175006,Dr.,Laura,White,Laura White,MD,766-97-6335,1949-02-15,Female,Laura.White@gentry-hill.net,(613)085-8513,137 Alyssa Pass Apt. 023,West Lindseyview,MN,46940
AB302729096,Dr.,Drew,Brown,Drew Brown,Jr.,107-46-2783,1980-02-23,Male,Drew.Brown@martin.info,(482)394-0322,9903 Christy Throughway,South Sarah,AK,03232
AB305769945,Mrs.,Angela,Guzman,Angela Guzman,DDS,783-78-6582,1976-08-29,Female,Angela.Guzman@wiggins.net,(777)861-6225,401 Steven Shoals,Nathanton,DE,18072
AB305253709,Miss,Brenda,Lewis,Brenda Lewis,DVM,745-97-5275,1964-07-07,Female,Brenda.Lewis@abbott.biz,(872)838-0568,6474 Evelyn Spur,South Megan,MO,04261
AB302453964,Mr.,Derek,Moore,Derek Moore,MD,287-31-4863,1990-01-06,Male,Derek.Moore@bennett.net,(138)653-0864,5901 Michelle Villages,North Jaredside,NE,64540
AB306110935,Mrs.,Taylor,Clark,Taylor Clark,MD,622-43-4254,2019-01-19,Female,Taylor.Clark@wiley.net,(840)753-7383,458 Samantha Fall Suite 285,Jenniferland,MH,53106
AB305276281,Ms.,Anna,Barton,Anna Barton,DDS,352-76-5671,1961-11-12,Female,Anna.Barton@berry.com,(826)249-2472,53512 Thomas Bypass Apt. 444,Lake Nathanielside,NJ,70926
AB302462981,Dr.,Greg,Jackson,Greg Jackson,MD,575-49-6534,2023-09-01,Male,Greg.Jackson@cooper.com,(626)164-9952,211 Christian Way Suite 950,Markhaven,SD,33947
AB309047882,Mr.,Ricardo,Lyons,Ricardo Lyons,Jr.,179-32-3632,1968-11-27,Male,Ricardo.Lyons@woods.com,(733)445-5670,54640 Caroline Forest Suite 002,Kelleychester,FL,10237
AB301212046,Dr.,Theresa,Jackson,Theresa Jackson,MD,315-14-6369,1934-07-29,Female,Theresa.Jackson@anderson-martin.com,(202)713-1439,0288 Natalie Burg,East Christopherfort,CA,92173
AB302910522,Miss,Jeanne,Brown,Jeanne Brown,DDS,873-56-8144,1963-10-13,Female,Jeanne.Brown@allen-williams.net,(056)766-4819,1528 Erickson Trafficway,Christensenview,OH,18625
AB307953801,Miss,Patricia,Kennedy,Patricia Kennedy,PhD,831-11-5872,1941-10-15,Female,Patricia.Kennedy@carr.com,(417)112-4037,3224 Wright Drives,New Ryanfurt,OK,08877
AB306038396,Mrs.,Mary,Gardner,Mary Gardner,DVM,564-65-1487,1985-11-08,Female,Mary.Gardner@spencer.biz,(453)679-8437,5010 Wilson Fall,Andersonburgh,PA,00767
AB302456622,Dr.,Wesley,Holland,Wesley Holland,MD,133-23-3555,1984-03-24,Male,Wesley.Holland@rubio.com,(619)681-9237,71200 Ryan Crossing,North Christy,VT,24418
AB301526867,Dr.,Rhonda,Johnson,Rhonda Johnson,DDS,060-52-9165,1973-05-15,Female,Rhonda.Johnson@george.info,(326)284-3913,4860 Avila Rue,New Ryanside,NY,56661
AB306363079,Mr.,Paul,Rogers,Paul Rogers,MD,663-97-2411,1953-09-11,Male,Paul.Rogers@osborn.org,(463)717-6843,4919 Gray Shoals,Jessicaberg,NM,31185
AB309281863,Mr.,Keith,Miller,Keith Miller,MD,393-60-3171,2009-06-25,Male,Keith.Miller@watson.com,(442)113-6020,2809 Hodge Port,Port Michaelland,MS,45177
AB304309649,Mr.,Chad,Mayer,Chad Mayer,MD,515-26-9881,1963-04-12,Male,Chad.Mayer@morris-robinson.info,(087)565-4295,306 Katherine Stream Suite 331,Brockstad,VA,43479
AB304510259,Mr.,Joshua,Moyer,Joshua Moyer,MD,154-55-9054,1965-04-08,Male,Joshua.Moyer@chavez.com,(667)209-8623,6364 George Well,Smithborough,IN,96260
AB305401780,Mrs.,Karen,Myers,Karen Myers,DVM,041-33-3692,2014-03-14,Female,Karen.Myers@yang.net,(490)468-5240,034 Jeffrey Pass Suite 458,North Donald,AS,33426
AB303355334,Mrs.,Theresa,Brennan,Theresa Brennan,PhD,556-30-3223,1961-01-02,Female,Theresa.Brennan@wilson.com,(557)898-5527,796 Natalie View,West Courtney,SC,35007
AB305869015,Dr.,Blake,Avery,Blake Avery,MD,111-08-1436,1971-10-24,Male,Blake.Avery@lane.com,(344)269-0966,841 Morris Fords Suite 061,West Victoriahaven,IA,37677
AB303043577,Dr.,Katherine,Martinez,Katherine Martinez,MD,059-79-6922,1941-10-24,Female,Katherine.Martinez@ramirez-rocha.biz,(621)008-0597,90787 Dylan Loop,East Kristina,KS,33848
AB303616958,Dr.,Andrew,Pham,Andrew Pham,DDS,236-84-0084,1941-03-15,Male,Andrew.Pham@downs.info,(310)469-3540,9073 Chapman Center,Jaredstad,CA,19971
AB303322004,Mrs.,Nicole,Lewis,Nicole Lewis,PhD,596-92-1047,1952-07-04,Female,Nicole.Lewis@fisher.com,(981)116-0952,8110 Sanchez Roads,East Amyland,WY,48745
AB302079422,Mr.,Kenneth,Thompson,Kenneth Thompson,Jr.,217-18-0268,2024-02-19,Male,Kenneth.Thompson@brown.com,(800)590-3091,693 Michael Valleys Suite 064,North Jeffreyside,IL,73814
AB309122826,Miss,Shelby,Morris,Shelby Morris,DDS,415-51-3384,2010-01-30,Female,Shelby.Morris@townsend-garcia.com,(933)658-0858,73445 Berg Junctions Apt. 046,Russellmouth,WI,54149